Stalk,Test_31,Test_32,Test_33,Test_34,Test_35,Test_36,Test_37,Test_38,Test_39,Test_40,Mean,Median,Std_Dev
S01,46.667908979893326,49.18907961199945,36.33627227296358,34.40296175328124,36.16632382215126,38.94207123009421,36.830112494276136,40.33718398274758,35.14497325419792,43.564398279310375,39.7581285680915,37.88609186218517,5.113373536664299
S02,61.79937934835143,87.25761033717605,84.42225584435083,84.073937021352,68.28792514749482,86.63312706059786,69.79113301540919,83.18115761279766,77.51477299464572,83.063461017468,78.60247593996435,83.12230931513284,8.892137738396208
S03,52.77860070988735,60.98836678324515,49.4460208538895,63.69617451125455,55.58026937286641,57.92305980160295,59.47339411848779,56.2723990418505,68.36422573411106,52.344352499052,57.686686342624725,57.097729421726726,5.688669933564562
S04,73.71924793309744,61.237237836598986,87.78640030295395,54.18121665045248,80.6363248672749,64.82547476974467,65.05488551914125,69.98838979613386,76.49457904846993,102.10129887926034,73.60250556031278,71.85381886461565,14.001835760654137
S05,34.194802060958516,23.89385463665292,30.244399698253712,26.197347481757575,40.094698616289016,34.829441895452895,30.8914325546708,30.358573685185984,45.43037576345764,40.59788584853324,33.673281224121226,32.543117307814654,6.757980305811896
S06,103.11366297208043,110.3173851953278,87.21851736255498,60.020937612447504,72.34420734973838,59.56647298391027,74.39303487626069,61.82466974018927,71.01504850160184,68.38647270543815,76.82004092995493,71.6796279256701,17.817151649213358
S07,,,59.132099529729544,83.36858222100693,,74.11526807486236,83.96706392463052,67.754066058123,73.32026697497669,81.56009321564251,74.74534857128165,74.11526807486236,9.137107246499577
S08,9.27052436456656,7.942175964953165,5.599506642381594,6.190973543773485,7.145710000411561,6.118555944979747,9.070590652900169,4.80043052146525,5.141924221741324,5.967326580057061,6.724771843722992,6.154764744376616,1.5756431868250924
S09,24.728198246236847,36.29111603856471,40.84271132336035,36.75761821317874,32.52203815158103,21.88171278128901,34.196443662143786,28.815601058097695,25.743306609081873,29.053136216599956,31.083188230013395,30.78758718409049,6.04761710462454
