Stalk,Test_51,Test_52,Test_53,Test_54,Test_55,Test_56,Test_57,Test_58,Test_59,Test_60,Mean,Median,Std_Dev
S01,14.795641959179406,8.461622362944308,8.661240320686169,18.93114204218059,8.181004198926477,6.791780571009373,9.019376757702384,12.270991646075297,7.825133924838411,5.355633895644636,10.029356767918705,8.561431341815238,4.122221173079965
S02,9.302455785645433,8.493381106001271,8.797621951809626,7.844982978887097,,6.7521800598295885,9.260599548321213,8.703980714124397,5.129026257435054,8.654727578712496,8.104328442307354,8.654727578712496,1.3608361552871104
S03,10.006831072070236,14.792646176691084,16.63016898673032,9.3019285093511,18.966088428372146,21.318588881401368,24.47766757232931,20.288939626689892,25.38779786050433,16.907439712358862,17.807809682649868,17.936764070365506,5.439162594412198
S04,3.3453481986233897,,4.738220483264604,4.229176081207238,5.785644107688223,3.2519444382511282,5.512974313281444,5.800093204220473,4.697373584981958,5.013994521867576,4.708307659265115,4.738220483264604,0.9554328930068333
S05,9.439985913698315,4.56440202440933,23.759759505347755,21.660463002198124,11.920034067587677,,,8.778660356311773,7.6223213089577335,17.66796566288176,13.17669898017406,10.680009990642997,7.010753409946564
S06,8.71786784813296,5.455355030497256,13.762292568694328,14.28210372729207,20.84453365190787,13.139802725664874,16.142223576860324,9.050260661175882,13.578096346697926,13.09423889839072,12.806677503531422,13.358949536181399,4.2750283528494
