Stalk,Test_21,Test_22,Test_23,Test_24,Test_25,Test_26,Test_27,Test_28,Test_29,Test_30,Mean,Median,Std_Dev
S01,13.625776025076187,33.203489439958005,47.88899679675652,17.230572132578903,27.611608868511365,51.303043339245285,,30.753380350295373,30.90543092193541,38.793668901980745,32.368440752926425,30.90543092193541,12.496031935190626
S02,79.52847097471819,89.58591528406868,57.02410941485109,85.43724179841043,74.71985459867658,86.31515674439028,59.091965262827586,76.39691010778274,91.63622509956917,47.99748226444646,74.77333315497413,77.96269054125047,15.10643345072635
S03,,,,44.521232250064315,,21.938186148811777,46.202702181960895,42.78203883767906,18.31918656754052,46.72084846847819,36.74736574242246,43.65163554387169,12.997181330230124
S04,,19.64254645751417,38.0707606035163,24.5935028559738,36.01812812663588,28.736880868256875,21.06218416852584,,26.089467853725456,65.26166741839096,32.434392294067415,27.413174360991164,14.787105598944066
S05,23.650368761663717,20.5218210987954,24.830128741100523,18.376657253418262,31.99018802476938,19.961952709251573,25.017676925089614,,,31.06103645196788,24.426228745757044,24.24024875138212,4.987420360805355
S06,50.56783301315156,31.631584338672273,27.72685571862489,31.27133065345251,29.51863307488962,27.863445157357287,48.85882178011539,25.5033771254413,27.80402567692032,36.18822872342712,33.69341352620523,30.394981864171065,8.94337799090186
S07,38.50991781388932,44.80830876483382,57.398929108284044,56.1287100719652,73.13432131280742,40.00628498286705,53.59332300688626,62.48719109888999,68.31551330001041,54.82432741118055,54.92068268716141,55.476518741572875,11.410496830045112
