Stalk,Test_71,Test_72,Test_73,Test_74,Test_75,Test_76,Test_77,Test_78,Test_79,Test_80,Mean,Median,Std_Dev
S01,21.10455335959264,16.792998007677674,17.102828508894085,20.849271470574273,12.374820934510879,22.247748199427146,16.853047704360296,20.722358946788066,22.156071379378137,26.54247542440831,19.67461739356115,20.78581520868117,3.9529805013520303
S02,30.504963045298297,35.980134676981386,49.74995908347315,50.796239880033674,25.078604541947623,39.53864922793855,,28.208304649640308,16.35710057462719,,34.52674445999252,33.24254886113984,11.9473547068418
S03,17.181706113339853,15.437625719176589,8.762224542215973,8.02052858941523,7.784380180035906,12.509443100423427,15.625653054490405,22.411201013611272,19.310124952564244,13.75725647537614,14.080014374064906,14.597441097276365,4.919546726957281
S04,48.2024528824567,43.615141251768314,43.411855059235876,58.60770788243999,21.062163147323353,44.557664313674884,40.91514297911286,47.202204626828426,52.892760782130836,35.726806566437645,43.61938994914088,44.0864027827216,10.131599964811711
