Stalk,Test_81,Test_82,Test_83,Test_84,Test_85,Test_86,Test_87,Test_88,Test_89,Test_90,Mean,Median,Std_Dev
S01,37.458820091974125,42.085109844200026,36.707771697674396,38.04031670963315,34.45223347245989,24.1746882922055,30.83592363763053,36.9657923893032,42.24548312231776,41.20494476337048,36.4171084020769,37.21230624063867,5.5579001228913505
S02,9.219938118469658,21.86793923991291,9.64249077008936,13.489697899111313,,16.315232651658906,21.29082957503114,24.37337091266967,28.768390824021235,35.081663424029834,20.005505934999334,21.29082957503114,8.718314509193618
S03,23.59833510972253,21.51677765913146,20.568574365516863,17.921790201062677,26.18685606802754,29.782001691428107,17.89767230035254,19.973253311251568,15.724043478679631,20.884029310629302,21.40533334958022,20.726301838073084,4.184519072408175
