Stalk,Test_41,Test_42,Test_43,Test_44,Test_45,Test_46,Test_47,Test_48,Test_49,Test_50,Mean,Median,Std_Dev
S01,22.76585052551481,11.61416734308721,4.378244765171238,3.736146723836061,9.257146840200368,3.903290125780994,4.311137621358709,4.67954444007781,3.902962150675498,0.9118745374292702,6.946036507313197,4.344691193264973,6.336012898814079
S02,15.040739798620422,14.03411610791679,13.986584664508356,14.607077393795143,14.969865636968443,10.998492241985929,11.845175539772702,14.65211255401664,17.668113281313428,16.398636062170727,14.420091328106858,14.629594973905892,1.9412188710250569
S03,,11.741191693900497,4.8839952585038535,9.960860751942073,6.155040781122701,6.985960485342427,8.894693556702228,,14.552504148076196,9.00131363080012,9.02194503829876,8.948003593751174,3.1251644357288133
S04,,4.415706569689852,2.20125239558823,4.691727650572612,,6.354278363432122,3.312792767655204,4.1914640716824945,4.533215032435426,4.638608858335613,4.292380713673944,4.474460801062639,1.1920317956818758
S05,12.905099765126975,9.252775437741006,10.438360539510533,10.624191746277758,11.244191989188586,8.698276118207671,9.213800154553093,10.764625839340667,10.600479434597837,12.866673140222657,10.660847416476678,10.612335590437798,1.4234614890654893
S06,9.360759785542426,6.672419377942322,8.577458763676503,9.914250574445349,11.596029663336319,6.990468428602038,7.63251054442546,12.358558673113606,10.366018428369413,12.061421080908731,9.552989532036216,9.637505179993887,2.072841218697788
S07,,9.738828013197397,5.468683749919972,6.845419525806444,9.225097442577464,5.199796446200131,8.825672701998487,8.563971013537719,7.707718291695342,7.053476990724685,7.625407130628627,7.707718291695342,1.6133970115214173
S08,20.824767191989718,22.15176696173822,15.847551285286707,18.88993902869936,20.61302038188144,,18.411597183534763,18.19492946191681,22.097533829855184,22.387564763398288,19.935407787588947,20.61302038188144,2.2362096584405693
