Stalk,Test_01,Test_02,Test_03,Test_04,Test_05,Test_06,Test_07,Test_08,Test_09,Test_10,Mean,Median,Std_Dev
S01,20.99989277627779,21.270644565019992,21.234641904500034,21.152238592938023,21.792434005260173,22.55924927633072,22.784935729846982,23.400705636396207,22.52349317762806,24.454248723722486,22.217248438792048,22.157963591444116,1.1350968174829505
S02,22.85557090694456,21.471176319140003,20.446712877085208,20.368340950085873,21.583487458140368,17.949891938278153,19.886934578716705,20.775866327280212,21.580144914921387,23.580779105712907,21.04989053763054,21.123521323210106,1.5732180715114932
S03,20.74527857372436,19.582977777785135,21.8796662805552,23.301640573640636,24.17762786245318,23.91148397940073,21.370851147603613,23.28920826007634,24.43192794176339,24.216728189802676,22.690739058680528,23.295424416858488,1.6877250929350693
S04,23.015035918872595,22.705371890751675,24.711661278357322,23.52956071276255,22.965476868588173,25.549508392902094,23.760220889077587,23.5592061738421,24.270913436308092,26.185535117210048,24.02524906786722,23.659713531459843,1.1518382097528326
S05,23.110135822956323,22.54528743111915,23.589865928307137,23.982155755817292,20.887383578050255,28.222646796259497,21.92917411343782,27.610142009299526,20.469327064449214,27.559833262536344,23.99059517622326,23.35000087563173,2.8490608033206835
S06,21.432076877642142,16.40706527894606,26.467496771176684,20.0712354923695,24.10652555772877,20.74140670541833,22.45465766355021,18.73804578775103,27.749201394098254,28.355835648564394,22.652354717724542,21.943367270596177,3.962953135081932
S07,23.579246068201922,20.231769125728324,26.435632583315996,19.821748452127864,17.307280197199052,19.0834250137044,17.961666496564018,24.6066744136432,20.345764866204906,23.524571410102908,21.28977786267926,20.288766995966615,3.04936877966613
S08,21.211828362905482,19.239739656954438,22.710843299732336,21.77651994166169,22.838987244065166,21.577281295743827,22.19309080849868,20.769434117675125,25.50137498331672,23.534248457482985,22.135334816803642,21.984805375080185,1.68852500888111
S09,24.499561374285758,19.209897191258126,20.40392248830675,16.362743320315534,21.75144786567752,16.84883080541615,19.013089463296346,20.621200450324796,17.756657415642444,25.17149317656037,20.163884355108383,19.80690983978244,2.983822505023193
