Stalk,Test_61,Test_62,Test_63,Test_64,Test_65,Test_66,Test_67,Test_68,Test_69,Test_70,Mean,Median,Std_Dev
S01,29.34954636024047,24.71913976558811,34.69390092259422,29.81056295214033,36.4099059543907,35.92955788276728,40.565926875674826,23.967881520370838,27.712975472547086,23.188376037657562,30.63477737439714,29.5800546561904,5.983776781949466
S02,94.894150265302,51.621471597835345,47.002125414316055,69.03542925016485,51.90878025037474,45.5773837600357,78.2315300253165,58.59399722177874,50.786322320999254,61.521937991677135,60.917312809780036,55.25138873607674,15.723386464594036
S03,47.388797533086624,54.59759170996136,54.59487792795966,48.375810816403344,,,53.356051531504015,19.34830020465945,,56.225647473339365,47.69815388527339,53.356051531504015,12.936808734953383
S04,22.840205599233006,30.31918680266025,35.800883940019155,52.499315835787115,43.786601075782194,33.13162533134882,53.819873323904545,35.707912694545335,45.748750168974254,44.266547486259604,39.792090225851425,39.793742507900674,9.909508798930627
S05,40.54128757020975,65.79983415479755,40.48496140852277,42.39836033812656,39.13230277325221,32.2529343632285,38.21522018349382,35.780808944402544,38.42356370037735,31.63777498083277,40.466704841724386,38.77793323681478,9.567900708606844
S06,62.191624311705056,78.92066629737187,68.64580014023733,82.93335201971998,95.21435775024419,88.45483030592754,91.33349426035629,87.4507109072967,106.69104359838174,85.09939128512747,84.69352708763681,86.27505109621208,12.740448585674518
