Stalk,Test_01,Test_02,Test_04,Test_05,Test_06,Test_07,Test_08,Test_09,Test_10,Mean,Median,Std_Dev
S01,22.823219511874058,8.499473894886012,7.502356478456449,7.640487256019745,9.22407836322021,14.115026188026455,10.848095048068764,8.346773204066398,10.432270439816632,11.047975598270526,9.22407836322021,4.870607788016208
S02,44.40503931269029,11.539416035815341,54.06981967577036,17.98884140439048,8.445807635932667,13.393998173548383,7.472692245853136,13.309856936988139,2.654518653894312,19.25333223054257,13.309856936988139,17.70121104578508
S03,5.816925291142013,,,,,1.5294395019183973,1.5719508697075708,,,2.9727718875893268,1.5719508697075708,2.4632008122163067
S04,8.288666673571496,,11.039887340649166,,15.875952204977802,7.0104933775963785,4.986339048668602,6.198861492720862,8.44752225379064,8.835388913139278,8.288666673571496,3.6509221654579798
S05,4.695559331763557,,0.9016320249110442,,0.6785837104400989,3.4051780319522487,,,0.5952261507451709,2.055235849962424,0.9016320249110442,1.880907573719329
