Stalk,Test_01,Test_02,Test_04,Test_05,Test_06,Test_07,Test_08,Test_09,Test_10,Mean,Median,Std_Dev
S01,17.98494240728351,6.697676829169782,5.911937582414741,6.020786120538674,7.268672942328624,11.122792423605338,8.548415554026008,6.577347042720761,8.220741291109034,8.70592357702183,7.268672942328624,3.8380913135574177
S02,34.991648492729176,9.093183926564336,42.607599350083355,14.175400471585535,6.655387240008712,10.554614594544914,5.888561848125842,10.488310395313684,2.091789244918358,15.171832840430433,10.488310395313684,13.948744655940727
S03,4.583799682346819,,,,,1.2052147745026043,1.2387141894710045,,,2.342576215440143,1.2387141894710045,1.9410287283192624
S04,6.531558471835994,,8.69954994303825,,12.51042106126885,5.524344169634656,3.929288791479971,4.884769516382657,6.6567383773191215,6.962381475851357,6.531558471835994,2.8769659269620242
S05,3.7001512476280767,,0.7104957314261074,,0.534731261049148,2.6833169071237464,,,0.46904460761512995,1.6195479509684418,0.7104957314261074,1.4821753946311593
