rodney_config,lo_pos_accel_tol,med_pos_accel_tol,hi_pos_accel_tol,lo_force_accel_tol,med_force_accel_tol,hi_force_accel_tol,best_score
Integrated Beam Prototype 1,2.656308215105668,1.0587556244019978,4.0,58.49408278016832,90.0,90.0,0.2296399672541502
Integrated Beam Prototype 2,1.7588735872000156,1.1975384794966597,3.5023258919913007,70.0,86.94302543660443,85.17699090928807,0.176454213647052
Integrated Beam Prototype 3,2.254054038176331,2.620293872014538,2.819811422029002,51.28861161062099,81.04052945539165,90.36149179202869,0.22259300695146658
Integrated Beam Printed Guide 1,0.5,2.564261497068319,1.5923882432573357,43.098527581831284,99.21575637674974,100.0,0.3373148342400677
