rodney_config,min_force_rate,lo_pos_accel_tol,med_pos_accel_tol,hi_pos_accel_tol,lo_force_accel_tol,med_force_accel_tol,hi_force_accel_tol,best_score
Integrated Beam Prototype 1,0.2689346959326984,1.6262686063096803,0.7179096774909866,0.6267649963645728,38.212034107193006,35.99267783820274,40.32757635519,0.08283275995085046
Integrated Beam Prototype 2,0.4,1.25,0.6000000000000001,0.6000000000000001,35.0,37.5,42.5,0.057164222479279
Integrated Beam Prototype 3,0.4,1.25,0.6000000000000001,0.6000000000000001,35.0,37.5,42.5,0.0741939076567165
