rodney_config,min_force_rate,lo_pos_accel_tol,med_pos_accel_tol,hi_pos_accel_tol,lo_force_accel_tol,med_force_accel_tol,hi_force_accel_tol,best_score
Integrated Beam Prototype 1,0.2689346959326984,1.6262686063096805,0.7179096774909866,0.6267649963645728,38.212034107193006,35.99267783820274,40.32757635519,0.0828327599508504
Integrated Beam Prototype 2,0.2496986808730036,1.9128219892965133,0.7850379245581841,0.7702749710085196,39.52746355404419,44.314910061061234,42.20475526201964,0.0493731873486301
Integrated Beam Prototype 3,0.22276917378496652,1.553448984201782,0.42756431383052584,0.6769405969304116,47.474479328066124,42.85264423624445,48.28143329010656,0.06360012588153788
