Stalk,Test_21,Test_22,Test_23,Test_24,Test_25,Test_26,Test_27,Test_28,Test_29,Test_30,Mean,Median,Std_Dev
S01,27.52563791207683,37.66628745981614,31.889916957467403,36.30812566907282,46.5627103795347,44.333128374469375,55.214350013542656,48.54962769427447,35.791945758799194,27.986487629102484,39.18282178481561,36.98720656444448,9.202846500841229
S02,34.60176615295524,47.341962018868834,58.64578038659534,,25.674523983530715,23.498889728633472,75.07139979332946,33.60800101648485,60.474941319307895,80.27416391051678,48.79904759002474,47.341962018868834,20.9866012411213
S03,46.72513358425453,47.32800594144735,49.76178191200905,,42.395032081889475,50.90682421947511,,18.870528051276917,,,42.66455096505874,47.02656976285094,12.023061722281016
S04,30.1570600851509,27.214691491378016,41.248572748787126,33.07624275827612,31.34484891957338,39.81184224171215,37.27902808688608,27.680646835315205,35.38668660675415,34.086154828283064,33.72857746021162,33.5811987932796,4.794799736846749
S05,43.8089421398947,30.020251670076075,31.039186771228113,18.03006067446133,26.917065586756493,16.442667246390766,40.84771285432266,20.061551108635612,46.605281089095804,32.39438282638003,30.61671019672416,30.529719220652094,10.658659290193896
S06,24.465040538808363,18.395282809259523,22.894091355313105,24.440037040590962,15.043071078169264,11.684381420073604,25.3831470022582,11.470260985107394,14.659774732587259,14.97597751629089,18.34110644784586,16.719176943714395,5.500467693578648
S07,27.334904181634503,17.35977211455342,21.542150996391467,11.87071629643902,12.655492184646512,16.116406904877085,29.142476230199254,25.890211013891925,30.80127469662448,22.377210020944318,21.5090614640202,21.959680508667894,6.799384377275308
S08,12.36167628832247,20.17419819642839,35.17363098462956,31.27345394625651,28.992761240209756,34.345346188715816,20.80098132894026,26.46184912418454,24.549051272244515,22.69570228723445,25.682865085716628,25.505450198214525,7.069268977899173
S09,36.76849247183534,16.582934874395487,23.22038110398186,24.17995309540079,27.214513793698114,30.283162996840463,27.105671013917842,29.023923153854224,25.349591480959514,33.73728400365321,27.346590798853686,27.16009240380798,5.657080847940017
