Stalk,Test_11,Test_12,Test_13,Test_14,Test_15,Test_16,Test_17,Test_18,Test_19,Test_20,Mean,Median,Std_Dev
S01,22.468837111657095,23.53874653775287,22.955055516953593,24.983621559143092,25.305903314660156,24.502341078159674,24.768610177457152,22.35765907583307,24.087954940648245,23.922007342381008,23.889073665464593,24.004981141514627,1.041002862775297
S02,18.906486328505185,22.54611112732195,21.74392121941572,19.949716338167992,21.095021998946056,21.428706632920356,21.807140601892346,22.367528273091565,22.37655106071251,20.172372756602797,21.239355633757647,21.58631392616804,1.2088171551259412
S03,21.941716929068434,22.752572228533513,23.632176197782645,22.63478447768779,22.970997265957923,23.317998750431855,24.357264874237398,21.221195200329223,23.487269524667408,21.013537738590497,22.732951318728666,22.861784747245718,1.06941341268674
S04,23.1922431992548,24.929032702311773,25.665021039442383,25.277896495165894,24.987146917976006,24.313996398874107,23.8468651799455,25.515947295810367,24.45051744435574,23.95952046240927,24.613818713554586,24.689775073333756,0.7994690604641982
S05,22.57225433648597,25.996694439140793,24.39574226660956,23.356010269401995,25.42590780270665,26.23367152320314,26.80133818411206,29.74539929960454,28.52337935433519,21.260723563564977,25.431112103916483,25.71130112092372,2.6238218305321985
S06,23.102709227706224,25.561093085970295,26.171557675642266,25.641792678678822,24.994034131170693,27.668659618803105,23.1645746005694,24.718927001603102,28.83519258790003,24.05460692968909,25.391314753773305,25.277563608570496,1.836050986156898
S07,19.44424812323452,22.71418819033195,21.85250298589429,24.348263298633924,25.38745503202769,23.71481977977554,21.38261302132582,24.35680753404193,25.265011732063915,19.56393199583805,22.802984169316765,23.214503985053746,2.1877458818111992
S08,22.443522614260246,21.657947081296726,23.350325482727115,21.23530547268299,24.071384492797005,23.27974554452855,21.87069868771159,24.601619032636716,26.156365416291603,21.581536356762957,23.02484501816955,22.8616340793944,1.5770149057221576
S09,19.38674878957088,24.323958806163564,20.51200470311892,25.533229264751757,21.536514534942715,23.764449818902094,23.103194907308914,23.260494902172088,24.702658547931918,20.66081300616099,22.67840672810238,23.1818449047405,2.0427955232388246
